incident_id,date,location_id,category,description,status,customer_id,satisfaction_score,reporter_id
BRS-000001,2026-09-01,COL-01,CUSTOMER_COMPLAINT,Synthetic operational incident,CLOSED,,1,MGR-01
BRS-000002,2026-09-01,COL-02,CUSTOMER_COMPLAINT,Synthetic operational incident,CLOSED,,1,MGR-01
BRS-000003,2026-09-01,COL-03,CUSTOMER_COMPLAINT,Synthetic operational incident,CLOSED,,1,MGR-01
BRS-000004,2026-09-01,COL-04,CUSTOMER_COMPLAINT,Synthetic operational incident,CLOSED,,1,MGR-01
BRS-000005,2026-09-01,COL-05,CUSTOMER_COMPLAINT,Synthetic operational incident,CLOSED,,2,MGR-01
BRS-000006,2026-09-01,COL-06,CUSTOMER_COMPLAINT,Synthetic operational incident,CLOSED,,2,MGR-01
BRS-000007,2026-09-01,COL-07,CUSTOMER_COMPLAINT,Synthetic operational incident,CLOSED,,2,MGR-01
BRS-000008,2026-09-01,COL-08,CUSTOMER_COMPLAINT,Synthetic operational incident,CLOSED,,2,MGR-01
BRS-000009,2026-09-01,COL-09,CUSTOMER_COMPLAINT,Synthetic operational incident,CLOSED,,2,MGR-01
BRS-000010,2026-09-01,COL-10,CUSTOMER_COMPLAINT,Synthetic operational incident,CLOSED,,2,MGR-01
BRS-000011,2026-09-01,COL-01,CUSTOMER_COMPLAINT,Synthetic operational incident,CLOSED,,3,MGR-01
BRS-000012,2026-09-01,COL-02,CUSTOMER_COMPLAINT,Synthetic operational incident,CLOSED,,3,MGR-01
BRS-000013,2026-09-01,COL-03,CUSTOMER_COMPLAINT,Synthetic operational incident,CLOSED,,3,MGR-01
BRS-000014,2026-09-01,COL-04,CUSTOMER_COMPLAINT,Synthetic operational incident,CLOSED,,3,MGR-01
BRS-000015,2026-09-01,COL-05,CUSTOMER_COMPLAINT,Synthetic operational incident,CLOSED,,3,MGR-01
BRS-000016,2026-09-01,COL-06,CUSTOMER_COMPLAINT,Synthetic operational incident,CLOSED,,3,MGR-01
BRS-000017,2026-09-01,COL-07,CUSTOMER_COMPLAINT,Synthetic operational incident,CLOSED,,3,MGR-01
BRS-000018,2026-09-01,COL-08,CUSTOMER_COMPLAINT,Synthetic operational incident,CLOSED,,3,MGR-01
BRS-000019,2026-09-01,COL-09,CUSTOMER_COMPLAINT,Synthetic operational incident,CLOSED,,3,MGR-01
BRS-000020,2026-09-01,COL-10,CUSTOMER_COMPLAINT,Synthetic operational incident,CLOSED,,3,MGR-01
BRS-000021,2026-09-01,COL-01,CUSTOMER_COMPLAINT,Synthetic operational incident,CLOSED,,3,MGR-01
BRS-000022,2026-09-01,COL-02,CUSTOMER_COMPLAINT,Synthetic operational incident,CLOSED,,3,MGR-01
BRS-000023,2026-09-01,COL-03,CUSTOMER_COMPLAINT,Synthetic operational incident,CLOSED,,4,MGR-01
BRS-000024,2026-09-01,COL-04,CUSTOMER_COMPLAINT,Synthetic operational incident,CLOSED,,4,MGR-01
BRS-000025,2026-09-01,COL-05,CUSTOMER_COMPLAINT,Synthetic operational incident,CLOSED,,4,MGR-01
BRS-000026,2026-09-01,COL-06,CUSTOMER_COMPLAINT,Synthetic operational incident,CLOSED,,4,MGR-01
BRS-000027,2026-09-01,COL-07,CUSTOMER_COMPLAINT,Synthetic operational incident,CLOSED,,4,MGR-01
BRS-000028,2026-09-01,COL-08,CUSTOMER_COMPLAINT,Synthetic operational incident,CLOSED,,4,MGR-01
BRS-000029,2026-09-01,COL-09,CUSTOMER_COMPLAINT,Synthetic operational incident,CLOSED,,4,MGR-01
BRS-000030,2026-09-01,COL-10,EQUIPMENT,Synthetic operational incident,CLOSED,,4,MGR-01
BRS-000031,2026-09-01,COL-01,EQUIPMENT,Synthetic operational incident,CLOSED,,4,MGR-01
BRS-000032,2026-09-01,COL-02,EQUIPMENT,Synthetic operational incident,CLOSED,,4,MGR-01
BRS-000033,2026-09-01,COL-03,EQUIPMENT,Synthetic operational incident,CLOSED,,4,MGR-01
BRS-000034,2026-09-01,COL-04,EQUIPMENT,Synthetic operational incident,CLOSED,,4,MGR-01
BRS-000035,2026-09-01,COL-05,EQUIPMENT,Synthetic operational incident,CLOSED,,4,MGR-01
BRS-000036,2026-09-01,COL-06,EQUIPMENT,Synthetic operational incident,CLOSED,,4,MGR-01
BRS-000037,2026-09-01,COL-07,EQUIPMENT,Synthetic operational incident,CLOSED,,4,MGR-01
BRS-000038,2026-09-01,COL-08,EQUIPMENT,Synthetic operational incident,CLOSED,,4,MGR-01
BRS-000039,2026-09-01,COL-09,EQUIPMENT,Synthetic operational incident,CLOSED,,4,MGR-01
BRS-000040,2026-09-01,COL-10,EQUIPMENT,Synthetic operational incident,CLOSED,,4,MGR-01
BRS-000041,2026-09-01,COL-01,EQUIPMENT,Synthetic operational incident,CLOSED,,4,MGR-01
BRS-000042,2026-09-01,COL-02,EQUIPMENT,Synthetic operational incident,CLOSED,,5,MGR-01
BRS-000043,2026-09-01,COL-03,EQUIPMENT,Synthetic operational incident,CLOSED,,5,MGR-01
BRS-000044,2026-09-01,COL-04,EQUIPMENT,Synthetic operational incident,CLOSED,,5,MGR-01
BRS-000045,2026-09-01,COL-05,EQUIPMENT,Synthetic operational incident,CLOSED,,5,MGR-01
BRS-000046,2026-09-01,COL-06,EQUIPMENT,Synthetic operational incident,CLOSED,,5,MGR-01
BRS-000047,2026-09-01,COL-07,SUPPLY,Synthetic operational incident,CLOSED,,5,MGR-01
BRS-000048,2026-09-01,COL-08,SUPPLY,Synthetic operational incident,CLOSED,,5,MGR-01
BRS-000049,2026-09-01,COL-09,SUPPLY,Synthetic operational incident,CLOSED,,5,MGR-01
BRS-000050,2026-09-01,COL-10,SUPPLY,Synthetic operational incident,CLOSED,,5,MGR-01
BRS-000051,2026-09-01,COL-01,SUPPLY,Synthetic operational incident,OPEN,,,MGR-01
BRS-000052,2026-09-01,COL-02,SUPPLY,Synthetic operational incident,OPEN,,,MGR-01
BRS-000053,2026-09-01,COL-03,SUPPLY,Synthetic operational incident,OPEN,,,MGR-01
BRS-000054,2026-09-01,COL-04,SUPPLY,Synthetic operational incident,OPEN,,,MGR-01
BRS-000055,2026-09-01,COL-05,SUPPLY,Synthetic operational incident,OPEN,,,MGR-01
BRS-000056,2026-09-01,COL-06,SUPPLY,Synthetic operational incident,OPEN,,,MGR-01
BRS-000057,2026-09-01,COL-07,SUPPLY,Synthetic operational incident,OPEN,,,MGR-01
BRS-000058,2026-09-01,COL-08,SUPPLY,Synthetic operational incident,OPEN,,,MGR-01
BRS-000059,2026-09-01,COL-09,SUPPLY,Synthetic operational incident,OPEN,,,MGR-01
BRS-000060,2026-09-01,COL-10,SUPPLY,Synthetic operational incident,OPEN,,,MGR-01
BRS-000061,2026-09-01,COL-01,SUPPLY,Synthetic operational incident,OPEN,,,MGR-01
BRS-000062,2026-09-01,COL-02,SUPPLY,Synthetic operational incident,OPEN,,,MGR-01
BRS-000063,2026-09-01,COL-03,SUPPLY,Synthetic operational incident,OPEN,,,MGR-01
BRS-000064,2026-09-01,COL-04,SUPPLY,Synthetic operational incident,OPEN,,,MGR-01
BRS-000065,2026-09-01,COL-05,SUPPLY,Synthetic operational incident,OPEN,,,MGR-01
BRS-000066,2026-09-01,COL-06,SUPPLY,Synthetic operational incident,OPEN,,,MGR-01
BRS-000067,2026-09-01,COL-07,SUPPLY,Synthetic operational incident,OPEN,,,MGR-01
BRS-000068,2026-09-01,COL-08,SUPPLY,Synthetic operational incident,OPEN,,,MGR-01
BRS-000069,2026-09-01,COL-09,FOOD_QUALITY,Synthetic operational incident,OPEN,,,MGR-01
BRS-000070,2026-09-01,COL-10,FOOD_QUALITY,Synthetic operational incident,OPEN,,,MGR-01
BRS-000071,2026-09-01,COL-01,FOOD_QUALITY,Synthetic operational incident,OPEN,,,MGR-01
BRS-000072,2026-09-01,COL-02,FOOD_QUALITY,Synthetic operational incident,OPEN,,,MGR-01
BRS-000073,2026-09-01,COL-03,FOOD_QUALITY,Synthetic operational incident,OPEN,,,MGR-01
BRS-000074,2026-09-01,COL-04,FOOD_QUALITY,Synthetic operational incident,OPEN,,,MGR-01
BRS-000075,2026-09-01,COL-05,FOOD_QUALITY,Synthetic operational incident,OPEN,,,MGR-01
BRS-000076,2026-09-01,COL-06,FOOD_QUALITY,Synthetic operational incident,OPEN,,,MGR-01
BRS-000077,2026-09-01,COL-07,FOOD_QUALITY,Synthetic operational incident,OPEN,,,MGR-01
BRS-000078,2026-09-01,COL-08,FOOD_QUALITY,Synthetic operational incident,OPEN,,,MGR-01
BRS-000079,2026-09-01,COL-09,FOOD_QUALITY,Synthetic operational incident,OPEN,,,MGR-01
BRS-000080,2026-09-01,COL-10,FOOD_QUALITY,Synthetic operational incident,OPEN,,,MGR-01
BRS-000081,2026-09-01,COL-01,FOOD_QUALITY,Synthetic operational incident,OPEN,,,MGR-01
BRS-000082,2026-09-01,COL-02,FOOD_QUALITY,Synthetic operational incident,OPEN,,,MGR-01
BRS-000083,2026-09-01,COL-03,FOOD_QUALITY,Synthetic operational incident,DISCARDED,,,MGR-01
BRS-000084,2026-09-01,COL-04,FOOD_QUALITY,Synthetic operational incident,DISCARDED,,,MGR-01
BRS-000085,2026-09-01,COL-05,FOOD_QUALITY,Synthetic operational incident,DISCARDED,,,MGR-01
BRS-000086,2026-09-01,COL-06,FOOD_QUALITY,Synthetic operational incident,DISCARDED,,,MGR-01
BRS-000087,2026-09-01,COL-07,FOOD_QUALITY,Synthetic operational incident,DISCARDED,,,MGR-01
BRS-000088,2026-09-01,COL-08,STAFF,Synthetic operational incident,DISCARDED,,,MGR-01
BRS-000089,2026-09-01,COL-09,STAFF,Synthetic operational incident,DISCARDED,,,MGR-01
BRS-000090,2026-09-01,COL-10,STAFF,Synthetic operational incident,DISCARDED,,,MGR-01
BRS-000091,2026-09-01,COL-01,STAFF,Synthetic operational incident,DISCARDED,,,MGR-01
BRS-000092,2026-09-01,COL-02,STAFF,Synthetic operational incident,DISCARDED,,,MGR-01
BRS-000093,2026-09-01,COL-03,STAFF,Synthetic operational incident,DISCARDED,,,MGR-01
BRS-000094,2026-09-01,COL-04,STAFF,Synthetic operational incident,DISCARDED,,,MGR-01
BRS-000095,2026-09-01,COL-05,STAFF,Synthetic operational incident,DISCARDED,,,MGR-01
BRS-000096,2026-09-01,COL-06,STAFF,Synthetic operational incident,DISCARDED,,,MGR-01
BRS-000097,2026-09-01,,SUPPLY,Synthetic operational incident,OPEN,,,MGR-01
BRS-000098,2026-09-01,COL-01,UNKNOWN,Synthetic operational incident,OPEN,,,MGR-01
BRS-000099,2026-09-01,COL-01,SUPPLY,bad,OPEN,,,MGR-01
BRS-000100,2026-09-01,COL-01,SUPPLY,Synthetic operational incident,CLOSED,,,MGR-01
